{"train/loss": 0.6388, "train/grad_norm": 2.8799359798431396, "train/learning_rate": 1.7668422140603157e-07, "train/epoch": 1.0, "train/global_step": 5654, "_timestamp": 1718040617.2620215, "_runtime": 4322.123915433884, "_step": 37, "train_runtime": 4324.2329, "train_samples_per_second": 5.23, "train_steps_per_second": 1.308, "total_flos": 1.755942128492544e+16, "train_loss": 0.8499852744859143}